filename,area_pixels,mean,intden
U_phi_000000.tif,65536,24.552155,1609050.000000
U_phi_000001.tif,65536,23.902359,1566465.000000
U_phi_000002.tif,65536,23.653336,1550145.000000
U_phi_000003.tif,65536,24.054108,1576410.000000
U_phi_000004.tif,65536,24.415970,1600125.000000
U_phi_000005.tif,65536,24.287567,1591710.000000
U_phi_000006.tif,65536,23.649445,1549890.000000
U_phi_000007.tif,65536,24.057999,1576665.000000
U_phi_000008.tif,65536,23.770065,1557795.000000
U_phi_000009.tif,65536,23.820648,1561110.000000
U_phi_000010.tif,65536,24.116364,1580490.000000
U_phi_000011.tif,65536,23.984070,1571820.000000
U_phi_000012.tif,65536,23.532715,1542240.000000
U_phi_000013.tif,65536,23.665009,1550910.000000
U_phi_000014.tif,65536,23.987961,1572075.000000
U_phi_000015.tif,65536,24.272003,1590690.000000
U_phi_000016.tif,65536,23.976288,1571310.000000
U_phi_000017.tif,65536,23.657227,1550400.000000
U_phi_000018.tif,65536,24.334259,1594770.000000
U_phi_000019.tif,65536,24.268112,1590435.000000
U_phi_000020.tif,65536,23.602753,1546830.000000
U_phi_000021.tif,65536,24.054108,1576410.000000
U_phi_000022.tif,65536,23.964615,1570545.000000
U_phi_000023.tif,65536,23.933487,1568505.000000
U_phi_000024.tif,65536,23.614426,1547595.000000
U_phi_000025.tif,65536,24.159164,1583295.000000
U_phi_000026.tif,65536,23.945160,1569270.000000
U_phi_000027.tif,65536,23.571625,1544790.000000
U_phi_000028.tif,65536,23.995743,1572585.000000
U_phi_000029.tif,65536,24.380951,1597830.000000
U_phi_000030.tif,65536,24.244766,1588905.000000
U_phi_000031.tif,65536,23.976288,1571310.000000
U_phi_000032.tif,65536,24.030762,1574880.000000
U_phi_000033.tif,65536,24.657211,1615935.000000
U_phi_000034.tif,65536,23.509369,1540710.000000
U_phi_000035.tif,65536,23.808975,1560345.000000
U_phi_000036.tif,65536,24.186401,1585080.000000
U_phi_000037.tif,65536,23.668900,1551165.000000
U_phi_000038.tif,65536,23.552170,1543515.000000
U_phi_000039.tif,65536,23.960724,1570290.000000
U_phi_000040.tif,65536,23.194199,1520055.000000
U_phi_000041.tif,65536,23.505478,1540455.000000
U_phi_000042.tif,65536,24.190292,1585335.000000
U_phi_000043.tif,65536,24.272003,1590690.000000
U_phi_000044.tif,65536,23.863449,1563915.000000
U_phi_000045.tif,65536,23.544388,1543005.000000
U_phi_000046.tif,65536,24.104691,1579725.000000
U_phi_000047.tif,65536,24.015198,1573860.000000
U_phi_000048.tif,65536,23.731155,1555245.000000
U_phi_000049.tif,65536,24.139709,1582020.000000
U_phi_000050.tif,65536,23.754501,1556775.000000
U_phi_000051.tif,65536,23.999634,1572840.000000
U_phi_000052.tif,65536,23.552170,1543515.000000
U_phi_000053.tif,65536,23.287582,1526175.000000
U_phi_000054.tif,65536,23.633881,1548870.000000
U_phi_000055.tif,65536,24.116364,1580490.000000
U_phi_000056.tif,65536,23.672791,1551420.000000
U_phi_000057.tif,65536,23.867340,1564170.000000
U_phi_000058.tif,65536,24.369278,1597065.000000
U_phi_000059.tif,65536,23.863449,1563915.000000
U_phi_000060.tif,65536,24.135818,1581765.000000
U_phi_000061.tif,65536,24.664993,1616445.000000
U_phi_000062.tif,65536,23.797302,1559580.000000
U_phi_000063.tif,65536,23.894577,1565955.000000
U_phi_000064.tif,65536,23.805084,1560090.000000
U_phi_000065.tif,65536,24.143600,1582275.000000
U_phi_000066.tif,65536,23.676682,1551675.000000
U_phi_000067.tif,65536,23.727264,1554990.000000
U_phi_000068.tif,65536,24.112473,1580235.000000
U_phi_000069.tif,65536,24.439316,1601655.000000
U_phi_000070.tif,65536,23.914032,1567230.000000
U_phi_000071.tif,65536,24.400406,1599105.000000
U_phi_000072.tif,65536,24.011307,1573605.000000
U_phi_000073.tif,65536,23.945160,1569270.000000
U_phi_000074.tif,65536,23.626099,1548360.000000
U_phi_000075.tif,65536,24.567719,1610070.000000
U_phi_000076.tif,65536,24.050217,1576155.000000
U_phi_000077.tif,65536,23.571625,1544790.000000
U_phi_000078.tif,65536,24.194183,1585590.000000
U_phi_000079.tif,65536,24.575500,1610580.000000
U_phi_000080.tif,65536,24.454880,1602675.000000
U_phi_000081.tif,65536,24.474335,1603950.000000
U_phi_000082.tif,65536,24.478226,1604205.000000
U_phi_000083.tif,65536,23.797302,1559580.000000
U_phi_000084.tif,65536,23.890686,1565700.000000
U_phi_000085.tif,65536,24.065781,1577175.000000
U_phi_000086.tif,65536,24.287567,1591710.000000
U_phi_000087.tif,65536,24.307022,1592985.000000
U_phi_000088.tif,65536,24.419861,1600380.000000
U_phi_000089.tif,65536,24.151382,1582785.000000
U_phi_000090.tif,65536,23.326492,1528725.000000
U_phi_000091.tif,65536,24.170837,1584060.000000
U_phi_000092.tif,65536,23.563843,1544280.000000
U_phi_000093.tif,65536,23.688354,1552440.000000
U_phi_000094.tif,65536,24.186401,1585080.000000
U_phi_000095.tif,65536,24.030762,1574880.000000
U_phi_000096.tif,65536,24.151382,1582785.000000
U_phi_000097.tif,65536,23.715591,1554225.000000
U_phi_000098.tif,65536,23.952942,1569780.000000
U_phi_000099.tif,65536,24.412079,1599870.000000
U_phi_000100.tif,65536,24.408188,1599615.000000
U_phi_000101.tif,65536,23.400421,1533570.000000
U_phi_000102.tif,65536,23.914032,1567230.000000
U_phi_000103.tif,65536,24.310913,1593240.000000
U_phi_000104.tif,65536,23.929596,1568250.000000
U_phi_000105.tif,65536,23.812866,1560600.000000
U_phi_000106.tif,65536,23.836212,1562130.000000
U_phi_000107.tif,65536,24.116364,1580490.000000
U_phi_000108.tif,65536,23.633881,1548870.000000
U_phi_000109.tif,65536,24.225311,1587630.000000
U_phi_000110.tif,65536,24.299240,1592475.000000
U_phi_000111.tif,65536,23.925705,1567995.000000
U_phi_000112.tif,65536,24.552155,1609050.000000
U_phi_000113.tif,65536,24.275894,1590945.000000
U_phi_000114.tif,65536,24.050217,1576155.000000
U_phi_000115.tif,65536,23.964615,1570545.000000
U_phi_000116.tif,65536,23.929596,1568250.000000
U_phi_000117.tif,65536,24.326477,1594260.000000
U_phi_000118.tif,65536,23.587189,1545810.000000
U_phi_000119.tif,65536,24.260330,1589925.000000
U_phi_000120.tif,65536,24.120255,1580745.000000
U_phi_000121.tif,65536,24.077454,1577940.000000
U_phi_000122.tif,65536,24.022980,1574370.000000
U_phi_000123.tif,65536,24.077454,1577940.000000
U_phi_000124.tif,65536,24.061890,1576920.000000
U_phi_000125.tif,65536,23.521042,1541475.000000
U_phi_000126.tif,65536,23.941269,1569015.000000
U_phi_000127.tif,65536,23.805084,1560090.000000
U_phi_000128.tif,65536,24.201965,1586100.000000
U_phi_000129.tif,65536,24.299240,1592475.000000
U_phi_000130.tif,65536,23.836212,1562130.000000
U_phi_000131.tif,65536,24.089127,1578705.000000
U_phi_000132.tif,65536,24.030762,1574880.000000
U_phi_000133.tif,65536,23.867340,1564170.000000
U_phi_000134.tif,65536,24.217529,1587120.000000
U_phi_000135.tif,65536,23.645554,1549635.000000
U_phi_000136.tif,65536,23.291473,1526430.000000
U_phi_000137.tif,65536,23.871231,1564425.000000
U_phi_000138.tif,65536,24.462662,1603185.000000
U_phi_000139.tif,65536,24.307022,1592985.000000
U_phi_000140.tif,65536,24.163055,1583550.000000
U_phi_000141.tif,65536,23.933487,1568505.000000
U_phi_000142.tif,65536,23.855667,1563405.000000
U_phi_000143.tif,65536,23.591080,1546065.000000
U_phi_000144.tif,65536,24.236984,1588395.000000
U_phi_000145.tif,65536,23.995743,1572585.000000
U_phi_000146.tif,65536,23.972397,1571055.000000
U_phi_000147.tif,65536,24.501572,1605735.000000
U_phi_000148.tif,65536,24.030762,1574880.000000
U_phi_000149.tif,65536,23.902359,1566465.000000
U_phi_000150.tif,65536,23.793411,1559325.000000
U_phi_000151.tif,65536,23.622208,1548105.000000
U_phi_000152.tif,65536,23.723373,1554735.000000
U_phi_000153.tif,65536,23.579407,1545300.000000
U_phi_000154.tif,65536,24.439316,1601655.000000
U_phi_000155.tif,65536,23.641663,1549380.000000
U_phi_000156.tif,65536,23.906250,1566720.000000
U_phi_000157.tif,65536,24.361496,1596555.000000
U_phi_000158.tif,65536,23.762283,1557285.000000
U_phi_000159.tif,65536,24.046326,1575900.000000
U_phi_000160.tif,65536,23.256454,1524135.000000
U_phi_000161.tif,65536,24.563828,1609815.000000
U_phi_000162.tif,65536,24.030762,1574880.000000
U_phi_000163.tif,65536,23.738937,1555755.000000
U_phi_000164.tif,65536,23.672791,1551420.000000
U_phi_000165.tif,65536,24.166946,1583805.000000
U_phi_000166.tif,65536,23.598862,1546575.000000
U_phi_000167.tif,65536,23.754501,1556775.000000
U_phi_000168.tif,65536,24.509354,1606245.000000
U_phi_000169.tif,65536,23.828430,1561620.000000
U_phi_000170.tif,65536,23.902359,1566465.000000
U_phi_000171.tif,65536,23.622208,1548105.000000
U_phi_000172.tif,65536,23.879013,1564935.000000
U_phi_000173.tif,65536,23.719482,1554480.000000
U_phi_000174.tif,65536,23.789520,1559070.000000
U_phi_000175.tif,65536,23.688354,1552440.000000
U_phi_000176.tif,65536,23.991852,1572330.000000
U_phi_000177.tif,65536,23.910141,1566975.000000
U_phi_000178.tif,65536,24.373169,1597320.000000
U_phi_000179.tif,65536,23.820648,1561110.000000
U_phi_000180.tif,65536,23.824539,1561365.000000
U_phi_000181.tif,65536,24.073563,1577685.000000
U_phi_000182.tif,65536,24.272003,1590690.000000
U_phi_000183.tif,65536,24.178619,1584570.000000
U_phi_000184.tif,65536,23.591080,1546065.000000
U_phi_000185.tif,65536,23.914032,1567230.000000
U_phi_000186.tif,65536,23.556061,1543770.000000
U_phi_000187.tif,65536,24.345932,1595535.000000
U_phi_000188.tif,65536,23.910141,1566975.000000
U_phi_000189.tif,65536,24.244766,1588905.000000
U_phi_000190.tif,65536,23.840103,1562385.000000
U_phi_000191.tif,65536,23.960724,1570290.000000
U_phi_000192.tif,65536,24.069672,1577430.000000
U_phi_000193.tif,65536,24.198074,1585845.000000
U_phi_000194.tif,65536,24.007416,1573350.000000
U_phi_000195.tif,65536,24.135818,1581765.000000
U_phi_000196.tif,65536,23.875122,1564680.000000
U_phi_000197.tif,65536,23.917923,1567485.000000
U_phi_000198.tif,65536,24.447098,1602165.000000
U_phi_000199.tif,65536,24.003525,1573095.000000
U_phi_000200.tif,65536,24.081345,1578195.000000
U_phi_000201.tif,65536,23.735046,1555500.000000
U_phi_000202.tif,65536,23.882904,1565190.000000
U_phi_000203.tif,65536,23.773956,1558050.000000
U_phi_000204.tif,65536,24.283676,1591455.000000
U_phi_000205.tif,65536,23.633881,1548870.000000
U_phi_000206.tif,65536,24.128036,1581255.000000
U_phi_000207.tif,65536,23.509369,1540710.000000
U_phi_000208.tif,65536,24.100800,1579470.000000
U_phi_000209.tif,65536,24.128036,1581255.000000
U_phi_000210.tif,65536,24.396515,1598850.000000
U_phi_000211.tif,65536,23.921814,1567740.000000
U_phi_000212.tif,65536,23.906250,1566720.000000
U_phi_000213.tif,65536,23.738937,1555755.000000
U_phi_000214.tif,65536,23.976288,1571310.000000
U_phi_000215.tif,65536,24.135818,1581765.000000
U_phi_000216.tif,65536,23.462677,1537650.000000
U_phi_000217.tif,65536,23.836212,1562130.000000
U_phi_000218.tif,65536,23.174744,1518780.000000
U_phi_000219.tif,65536,24.186401,1585080.000000
U_phi_000220.tif,65536,23.851776,1563150.000000
U_phi_000221.tif,65536,23.898468,1566210.000000
U_phi_000222.tif,65536,23.715591,1554225.000000
U_phi_000223.tif,65536,23.680573,1551930.000000
U_phi_000224.tif,65536,23.956833,1570035.000000
U_phi_000225.tif,65536,23.661118,1550655.000000
U_phi_000226.tif,65536,23.820648,1561110.000000
U_phi_000227.tif,65536,24.252548,1589415.000000
U_phi_000228.tif,65536,23.567734,1544535.000000
U_phi_000229.tif,65536,24.198074,1585845.000000
U_phi_000230.tif,65536,24.073563,1577685.000000
U_phi_000231.tif,65536,24.404297,1599360.000000
U_phi_000232.tif,65536,24.030762,1574880.000000
U_phi_000233.tif,65536,23.501587,1540200.000000
U_phi_000234.tif,65536,24.003525,1573095.000000
U_phi_000235.tif,65536,24.194183,1585590.000000
U_phi_000236.tif,65536,23.789520,1559070.000000
U_phi_000237.tif,65536,24.279785,1591200.000000
U_phi_000238.tif,65536,23.754501,1556775.000000
U_phi_000239.tif,65536,23.373184,1531785.000000
U_phi_000240.tif,65536,24.089127,1578705.000000
U_phi_000241.tif,65536,23.812866,1560600.000000
U_phi_000242.tif,65536,23.676682,1551675.000000
U_phi_000243.tif,65536,23.843994,1562640.000000
U_phi_000244.tif,65536,23.668900,1551165.000000
U_phi_000245.tif,65536,23.742828,1556010.000000
U_phi_000246.tif,65536,23.696136,1552950.000000
U_phi_000247.tif,65536,24.330368,1594515.000000
U_phi_000248.tif,65536,23.902359,1566465.000000
U_phi_000249.tif,65536,23.972397,1571055.000000
U_phi_000250.tif,65536,23.987961,1572075.000000
U_phi_000251.tif,65536,24.388733,1598340.000000
U_phi_000252.tif,65536,24.342041,1595280.000000
U_phi_000253.tif,65536,23.808975,1560345.000000
U_phi_000254.tif,65536,24.131927,1581510.000000
U_phi_000255.tif,65536,23.964615,1570545.000000
U_phi_000256.tif,65536,23.777847,1558305.000000
U_phi_000257.tif,65536,23.960724,1570290.000000
U_phi_000258.tif,65536,23.493805,1539690.000000
U_phi_000259.tif,65536,24.209747,1586610.000000
U_phi_000260.tif,65536,23.777847,1558305.000000
U_phi_000261.tif,65536,23.945160,1569270.000000
U_phi_000262.tif,65536,23.186417,1519545.000000
U_phi_000263.tif,65536,23.987961,1572075.000000
U_phi_000264.tif,65536,23.742828,1556010.000000
U_phi_000265.tif,65536,23.750610,1556520.000000
U_phi_000266.tif,65536,23.750610,1556520.000000
U_phi_000267.tif,65536,24.131927,1581510.000000
U_phi_000268.tif,65536,24.022980,1574370.000000
U_phi_000269.tif,65536,23.400421,1533570.000000
U_phi_000270.tif,65536,24.303131,1592730.000000
U_phi_000271.tif,65536,23.594971,1546320.000000
U_phi_000272.tif,65536,24.003525,1573095.000000
U_phi_000273.tif,65536,23.645554,1549635.000000
U_phi_000274.tif,65536,23.731155,1555245.000000
U_phi_000275.tif,65536,23.808975,1560345.000000
U_phi_000276.tif,65536,24.369278,1597065.000000
U_phi_000277.tif,65536,23.661118,1550655.000000
U_phi_000278.tif,65536,24.221420,1587375.000000
U_phi_000279.tif,65536,24.279785,1591200.000000
U_phi_000280.tif,65536,24.248657,1589160.000000
U_phi_000281.tif,65536,23.960724,1570290.000000
U_phi_000282.tif,65536,23.828430,1561620.000000
U_phi_000283.tif,65536,23.894577,1565955.000000
U_phi_000284.tif,65536,23.836212,1562130.000000
U_phi_000285.tif,65536,23.984070,1571820.000000
U_phi_000286.tif,65536,23.738937,1555755.000000
U_phi_000287.tif,65536,24.583282,1611090.000000
U_phi_000288.tif,65536,23.929596,1568250.000000
U_phi_000289.tif,65536,24.201965,1586100.000000
U_phi_000290.tif,65536,23.466568,1537905.000000
U_phi_000291.tif,65536,24.388733,1598340.000000
U_phi_000292.tif,65536,23.470459,1538160.000000
U_phi_000293.tif,65536,23.688354,1552440.000000
U_phi_000294.tif,65536,23.805084,1560090.000000
U_phi_000295.tif,65536,23.427658,1535355.000000
U_phi_000296.tif,65536,23.925705,1567995.000000
U_phi_000297.tif,65536,24.692230,1618230.000000
U_phi_000298.tif,65536,23.272018,1525155.000000
U_phi_000299.tif,65536,23.816757,1560855.000000
U_phi_000300.tif,65536,24.528809,1607520.000000
U_phi_000301.tif,65536,24.159164,1583295.000000
U_phi_000302.tif,65536,24.532700,1607775.000000
U_phi_000303.tif,65536,24.264221,1590180.000000
U_phi_000304.tif,65536,24.291458,1591965.000000
U_phi_000305.tif,65536,23.941269,1569015.000000
U_phi_000306.tif,65536,23.995743,1572585.000000
U_phi_000307.tif,65536,23.906250,1566720.000000
U_phi_000308.tif,65536,24.661102,1616190.000000
U_phi_000309.tif,65536,23.910141,1566975.000000
U_phi_000310.tif,65536,23.894577,1565955.000000
U_phi_000311.tif,65536,23.380966,1532295.000000
U_phi_000312.tif,65536,23.703918,1553460.000000
U_phi_000313.tif,65536,24.050217,1576155.000000
U_phi_000314.tif,65536,24.252548,1589415.000000
U_phi_000315.tif,65536,23.742828,1556010.000000
U_phi_000316.tif,65536,24.287567,1591710.000000
U_phi_000317.tif,65536,23.828430,1561620.000000
U_phi_000318.tif,65536,23.851776,1563150.000000
U_phi_000319.tif,65536,24.166946,1583805.000000
U_phi_000320.tif,65536,23.914032,1567230.000000
U_phi_000321.tif,65536,23.995743,1572585.000000
U_phi_000322.tif,65536,23.960724,1570290.000000
U_phi_000323.tif,65536,23.610535,1547340.000000
U_phi_000324.tif,65536,24.291458,1591965.000000
U_phi_000325.tif,65536,24.015198,1573860.000000
U_phi_000326.tif,65536,24.272003,1590690.000000
U_phi_000327.tif,65536,23.801193,1559835.000000
U_phi_000328.tif,65536,23.423767,1535100.000000
U_phi_000329.tif,65536,24.342041,1595280.000000
U_phi_000330.tif,65536,23.591080,1546065.000000
U_phi_000331.tif,65536,24.275894,1590945.000000
U_phi_000332.tif,65536,23.657227,1550400.000000
U_phi_000333.tif,65536,23.832321,1561875.000000
U_phi_000334.tif,65536,23.832321,1561875.000000
U_phi_000335.tif,65536,23.735046,1555500.000000
U_phi_000336.tif,65536,24.135818,1581765.000000
U_phi_000337.tif,65536,23.622208,1548105.000000
U_phi_000338.tif,65536,24.104691,1579725.000000
U_phi_000339.tif,65536,23.731155,1555245.000000
U_phi_000340.tif,65536,24.345932,1595535.000000
U_phi_000341.tif,65536,23.665009,1550910.000000
U_phi_000342.tif,65536,24.353714,1596045.000000
U_phi_000343.tif,65536,23.785629,1558815.000000
U_phi_000344.tif,65536,24.435425,1601400.000000
U_phi_000345.tif,65536,24.256439,1589670.000000
U_phi_000346.tif,65536,24.256439,1589670.000000
U_phi_000347.tif,65536,23.166962,1518270.000000
U_phi_000348.tif,65536,24.077454,1577940.000000
U_phi_000349.tif,65536,24.268112,1590435.000000
U_phi_000350.tif,65536,23.777847,1558305.000000
U_phi_000351.tif,65536,23.941269,1569015.000000
U_phi_000352.tif,65536,23.968506,1570800.000000
U_phi_000353.tif,65536,23.750610,1556520.000000
U_phi_000354.tif,65536,24.112473,1580235.000000
U_phi_000355.tif,65536,23.283691,1525920.000000
U_phi_000356.tif,65536,23.785629,1558815.000000
U_phi_000357.tif,65536,24.486008,1604715.000000
U_phi_000358.tif,65536,24.404297,1599360.000000
U_phi_000359.tif,65536,23.731155,1555245.000000
U_phi_000360.tif,65536,23.762283,1557285.000000
U_phi_000361.tif,65536,23.925705,1567995.000000
U_phi_000362.tif,65536,24.384842,1598085.000000
U_phi_000363.tif,65536,23.723373,1554735.000000
U_phi_000364.tif,65536,24.128036,1581255.000000
U_phi_000365.tif,65536,24.147491,1582530.000000
U_phi_000366.tif,65536,23.812866,1560600.000000
U_phi_000367.tif,65536,24.093018,1578960.000000
U_phi_000368.tif,65536,24.151382,1582785.000000
U_phi_000369.tif,65536,23.941269,1569015.000000
U_phi_000370.tif,65536,24.310913,1593240.000000
U_phi_000371.tif,65536,23.952942,1569780.000000
U_phi_000372.tif,65536,24.349823,1595790.000000
U_phi_000373.tif,65536,23.836212,1562130.000000
U_phi_000374.tif,65536,23.847885,1562895.000000
U_phi_000375.tif,65536,23.910141,1566975.000000
U_phi_000376.tif,65536,23.750610,1556520.000000
U_phi_000377.tif,65536,23.812866,1560600.000000
U_phi_000378.tif,65536,24.221420,1587375.000000
U_phi_000379.tif,65536,23.824539,1561365.000000
U_phi_000380.tif,65536,24.482117,1604460.000000
U_phi_000381.tif,65536,24.143600,1582275.000000
U_phi_000382.tif,65536,24.322586,1594005.000000
U_phi_000383.tif,65536,23.711700,1553970.000000
U_phi_000384.tif,65536,23.851776,1563150.000000
U_phi_000385.tif,65536,24.365387,1596810.000000
U_phi_000386.tif,65536,23.528824,1541985.000000
U_phi_000387.tif,65536,24.217529,1587120.000000
U_phi_000388.tif,65536,23.486023,1539180.000000
U_phi_000389.tif,65536,23.898468,1566210.000000
U_phi_000390.tif,65536,23.808975,1560345.000000
U_phi_000391.tif,65536,23.645554,1549635.000000
U_phi_000392.tif,65536,23.221436,1521840.000000
U_phi_000393.tif,65536,23.851776,1563150.000000
U_phi_000394.tif,65536,23.902359,1566465.000000
U_phi_000395.tif,65536,24.093018,1578960.000000
U_phi_000396.tif,65536,23.676682,1551675.000000
U_phi_000397.tif,65536,24.007416,1573350.000000
U_phi_000398.tif,65536,24.556046,1609305.000000
U_phi_000399.tif,65536,23.886795,1565445.000000
U_phi_000400.tif,65536,24.275894,1590945.000000
U_phi_000401.tif,65536,23.163071,1518015.000000
U_phi_000402.tif,65536,24.567719,1610070.000000
U_phi_000403.tif,65536,24.878998,1630470.000000
U_phi_000404.tif,65536,24.353714,1596045.000000
U_phi_000405.tif,65536,24.295349,1592220.000000
U_phi_000406.tif,65536,23.875122,1564680.000000
U_phi_000407.tif,65536,23.801193,1559835.000000
U_phi_000408.tif,65536,24.085236,1578450.000000
U_phi_000409.tif,65536,23.665009,1550910.000000
U_phi_000410.tif,65536,23.614426,1547595.000000
U_phi_000411.tif,65536,24.217529,1587120.000000
U_phi_000412.tif,65536,24.396515,1598850.000000
U_phi_000413.tif,65536,23.622208,1548105.000000
U_phi_000414.tif,65536,24.139709,1582020.000000
U_phi_000415.tif,65536,24.155273,1583040.000000
U_phi_000416.tif,65536,23.995743,1572585.000000
U_phi_000417.tif,65536,23.703918,1553460.000000
U_phi_000418.tif,65536,23.668900,1551165.000000
U_phi_000419.tif,65536,24.330368,1594515.000000
U_phi_000420.tif,65536,23.777847,1558305.000000
U_phi_000421.tif,65536,23.622208,1548105.000000
U_phi_000422.tif,65536,23.925705,1567995.000000
U_phi_000423.tif,65536,24.073563,1577685.000000
U_phi_000424.tif,65536,23.727264,1554990.000000
U_phi_000425.tif,65536,23.703918,1553460.000000
U_phi_000426.tif,65536,24.540482,1608285.000000
U_phi_000427.tif,65536,24.093018,1578960.000000
U_phi_000428.tif,65536,24.116364,1580490.000000
U_phi_000429.tif,65536,23.672791,1551420.000000
U_phi_000430.tif,65536,23.805084,1560090.000000
U_phi_000431.tif,65536,24.151382,1582785.000000
U_phi_000432.tif,65536,24.427643,1600890.000000
U_phi_000433.tif,65536,23.836212,1562130.000000
U_phi_000434.tif,65536,24.112473,1580235.000000
U_phi_000435.tif,65536,23.661118,1550655.000000
U_phi_000436.tif,65536,24.275894,1590945.000000
U_phi_000437.tif,65536,23.096924,1513680.000000
U_phi_000438.tif,65536,24.307022,1592985.000000
U_phi_000439.tif,65536,24.770050,1623330.000000
U_phi_000440.tif,65536,24.030762,1574880.000000
U_phi_000441.tif,65536,23.906250,1566720.000000
U_phi_000442.tif,65536,24.357605,1596300.000000
U_phi_000443.tif,65536,23.828430,1561620.000000
U_phi_000444.tif,65536,23.661118,1550655.000000
U_phi_000445.tif,65536,24.201965,1586100.000000
U_phi_000446.tif,65536,23.952942,1569780.000000
U_phi_000447.tif,65536,23.583298,1545555.000000
U_phi_000448.tif,65536,23.847885,1562895.000000
U_phi_000449.tif,65536,23.972397,1571055.000000
U_phi_000450.tif,65536,23.906250,1566720.000000
U_phi_000451.tif,65536,23.439331,1536120.000000
U_phi_000452.tif,65536,23.330383,1528980.000000
U_phi_000453.tif,65536,24.559937,1609560.000000
U_phi_000454.tif,65536,23.353729,1530510.000000
U_phi_000455.tif,65536,23.641663,1549380.000000
U_phi_000456.tif,65536,23.863449,1563915.000000
U_phi_000457.tif,65536,23.906250,1566720.000000
U_phi_000458.tif,65536,23.793411,1559325.000000
U_phi_000459.tif,65536,23.808975,1560345.000000
U_phi_000460.tif,65536,24.104691,1579725.000000
U_phi_000461.tif,65536,24.326477,1594260.000000
U_phi_000462.tif,65536,23.649445,1549890.000000
U_phi_000463.tif,65536,24.198074,1585845.000000
U_phi_000464.tif,65536,23.750610,1556520.000000
U_phi_000465.tif,65536,23.773956,1558050.000000
U_phi_000466.tif,65536,24.061890,1576920.000000
U_phi_000467.tif,65536,23.754501,1556775.000000
U_phi_000468.tif,65536,24.622192,1613640.000000
U_phi_000469.tif,65536,24.236984,1588395.000000
U_phi_000470.tif,65536,23.493805,1539690.000000
U_phi_000471.tif,65536,24.170837,1584060.000000
U_phi_000472.tif,65536,23.700027,1553205.000000
U_phi_000473.tif,65536,24.925690,1633530.000000
U_phi_000474.tif,65536,23.723373,1554735.000000
U_phi_000475.tif,65536,24.077454,1577940.000000
U_phi_000476.tif,65536,24.664993,1616445.000000
U_phi_000477.tif,65536,24.019089,1574115.000000
U_phi_000478.tif,65536,23.851776,1563150.000000
U_phi_000479.tif,65536,24.334259,1594770.000000
U_phi_000480.tif,65536,23.466568,1537905.000000
U_phi_000481.tif,65536,23.462677,1537650.000000
U_phi_000482.tif,65536,24.513245,1606500.000000
U_phi_000483.tif,65536,24.598846,1612110.000000
U_phi_000484.tif,65536,24.124146,1581000.000000
U_phi_000485.tif,65536,23.929596,1568250.000000
U_phi_000486.tif,65536,24.007416,1573350.000000
U_phi_000487.tif,65536,24.015198,1573860.000000
U_phi_000488.tif,65536,23.762283,1557285.000000
U_phi_000489.tif,65536,24.260330,1589925.000000
U_phi_000490.tif,65536,23.633881,1548870.000000
U_phi_000491.tif,65536,24.089127,1578705.000000
U_phi_000492.tif,65536,24.598846,1612110.000000
U_phi_000493.tif,65536,24.120255,1580745.000000
U_phi_000494.tif,65536,24.423752,1600635.000000
U_phi_000495.tif,65536,23.797302,1559580.000000
U_phi_000496.tif,65536,23.941269,1569015.000000
U_phi_000497.tif,65536,24.283676,1591455.000000
U_phi_000498.tif,65536,24.489899,1604970.000000
U_phi_000499.tif,65536,24.093018,1578960.000000
U_phi_000500.tif,65536,24.089127,1578705.000000
U_phi_000501.tif,65536,24.380951,1597830.000000
U_phi_000502.tif,65536,24.447098,1602165.000000
U_phi_000503.tif,65536,24.466553,1603440.000000
U_phi_000504.tif,65536,23.929596,1568250.000000
U_phi_000505.tif,65536,23.497696,1539945.000000
U_phi_000506.tif,65536,24.089127,1578705.000000
U_phi_000507.tif,65536,24.384842,1598085.000000
U_phi_000508.tif,65536,24.069672,1577430.000000
U_phi_000509.tif,65536,24.061890,1576920.000000
U_phi_000510.tif,65536,23.567734,1544535.000000
U_phi_000511.tif,65536,23.886795,1565445.000000
U_phi_000512.tif,65536,24.377060,1597575.000000
U_phi_000513.tif,65536,23.890686,1565700.000000
U_phi_000514.tif,65536,23.781738,1558560.000000
U_phi_000515.tif,65536,23.964615,1570545.000000
U_phi_000516.tif,65536,23.540497,1542750.000000
U_phi_000517.tif,65536,23.972397,1571055.000000
U_phi_000518.tif,65536,24.061890,1576920.000000
U_phi_000519.tif,65536,23.789520,1559070.000000
U_phi_000520.tif,65536,23.812866,1560600.000000
U_phi_000521.tif,65536,23.349838,1530255.000000
U_phi_000522.tif,65536,23.812866,1560600.000000
U_phi_000523.tif,65536,23.591080,1546065.000000
U_phi_000524.tif,65536,23.707809,1553715.000000
U_phi_000525.tif,65536,23.606644,1547085.000000
U_phi_000526.tif,65536,24.209747,1586610.000000
U_phi_000527.tif,65536,23.855667,1563405.000000
U_phi_000528.tif,65536,23.762283,1557285.000000
U_phi_000529.tif,65536,24.034653,1575135.000000
U_phi_000530.tif,65536,23.602753,1546830.000000
U_phi_000531.tif,65536,23.781738,1558560.000000
U_phi_000532.tif,65536,24.482117,1604460.000000
U_phi_000533.tif,65536,23.606644,1547085.000000
U_phi_000534.tif,65536,23.637772,1549125.000000
U_phi_000535.tif,65536,24.524918,1607265.000000
U_phi_000536.tif,65536,24.365387,1596810.000000
U_phi_000537.tif,65536,23.715591,1554225.000000
U_phi_000538.tif,65536,23.867340,1564170.000000
U_phi_000539.tif,65536,23.960724,1570290.000000
U_phi_000540.tif,65536,23.700027,1553205.000000
U_phi_000541.tif,65536,23.482132,1538925.000000
U_phi_000542.tif,65536,23.567734,1544535.000000
U_phi_000543.tif,65536,23.715591,1554225.000000
U_phi_000544.tif,65536,24.489899,1604970.000000
U_phi_000545.tif,65536,24.299240,1592475.000000
U_phi_000546.tif,65536,23.882904,1565190.000000
U_phi_000547.tif,65536,24.275894,1590945.000000
U_phi_000548.tif,65536,23.991852,1572330.000000
U_phi_000549.tif,65536,23.773956,1558050.000000
U_phi_000550.tif,65536,23.688354,1552440.000000
U_phi_000551.tif,65536,24.330368,1594515.000000
U_phi_000552.tif,65536,24.089127,1578705.000000
U_phi_000553.tif,65536,23.898468,1566210.000000
U_phi_000554.tif,65536,24.365387,1596810.000000
U_phi_000555.tif,65536,24.392624,1598595.000000
U_phi_000556.tif,65536,23.929596,1568250.000000
U_phi_000557.tif,65536,23.921814,1567740.000000
U_phi_000558.tif,65536,24.213638,1586865.000000
U_phi_000559.tif,65536,24.412079,1599870.000000
U_phi_000560.tif,65536,23.808975,1560345.000000
U_phi_000561.tif,65536,23.859558,1563660.000000
U_phi_000562.tif,65536,23.999634,1572840.000000
U_phi_000563.tif,65536,24.244766,1588905.000000
U_phi_000564.tif,65536,24.556046,1609305.000000
U_phi_000565.tif,65536,23.910141,1566975.000000
U_phi_000566.tif,65536,24.474335,1603950.000000
U_phi_000567.tif,65536,23.937378,1568760.000000
U_phi_000568.tif,65536,23.746719,1556265.000000
U_phi_000569.tif,65536,23.626099,1548360.000000
U_phi_000570.tif,65536,24.384842,1598085.000000
U_phi_000571.tif,65536,23.517151,1541220.000000
U_phi_000572.tif,65536,24.233093,1588140.000000
U_phi_000573.tif,65536,24.190292,1585335.000000
U_phi_000574.tif,65536,24.684448,1617720.000000
U_phi_000575.tif,65536,23.836212,1562130.000000
U_phi_000576.tif,65536,24.131927,1581510.000000
U_phi_000577.tif,65536,23.653336,1550145.000000
U_phi_000578.tif,65536,24.369278,1597065.000000
U_phi_000579.tif,65536,23.968506,1570800.000000
U_phi_000580.tif,65536,23.999634,1572840.000000
U_phi_000581.tif,65536,23.847885,1562895.000000
U_phi_000582.tif,65536,23.692245,1552695.000000
U_phi_000583.tif,65536,24.322586,1594005.000000
U_phi_000584.tif,65536,23.626099,1548360.000000
U_phi_000585.tif,65536,23.956833,1570035.000000
U_phi_000586.tif,65536,23.622208,1548105.000000
U_phi_000587.tif,65536,24.279785,1591200.000000
U_phi_000588.tif,65536,24.369278,1597065.000000
U_phi_000589.tif,65536,24.478226,1604205.000000
U_phi_000590.tif,65536,24.104691,1579725.000000
U_phi_000591.tif,65536,23.264236,1524645.000000
U_phi_000592.tif,65536,24.209747,1586610.000000
U_phi_000593.tif,65536,23.777847,1558305.000000
U_phi_000594.tif,65536,23.956833,1570035.000000
U_phi_000595.tif,65536,23.941269,1569015.000000
U_phi_000596.tif,65536,23.851776,1563150.000000
U_phi_000597.tif,65536,23.785629,1558815.000000
U_phi_000598.tif,65536,24.019089,1574115.000000
U_phi_000599.tif,65536,24.061890,1576920.000000
U_phi_000600.tif,65536,24.057999,1576665.000000
U_phi_000601.tif,65536,24.015198,1573860.000000
U_phi_000602.tif,65536,23.824539,1561365.000000
U_phi_000603.tif,65536,23.606644,1547085.000000
U_phi_000604.tif,65536,24.034653,1575135.000000
U_phi_000605.tif,65536,24.057999,1576665.000000
U_phi_000606.tif,65536,23.264236,1524645.000000
U_phi_000607.tif,65536,23.929596,1568250.000000
U_phi_000608.tif,65536,24.182510,1584825.000000
U_phi_000609.tif,65536,23.976288,1571310.000000
U_phi_000610.tif,65536,24.279785,1591200.000000
U_phi_000611.tif,65536,24.532700,1607775.000000
U_phi_000612.tif,65536,24.073563,1577685.000000
U_phi_000613.tif,65536,23.735046,1555500.000000
U_phi_000614.tif,65536,24.291458,1591965.000000
U_phi_000615.tif,65536,24.334259,1594770.000000
U_phi_000616.tif,65536,24.116364,1580490.000000
U_phi_000617.tif,65536,23.882904,1565190.000000
U_phi_000618.tif,65536,23.750610,1556520.000000
U_phi_000619.tif,65536,24.026871,1574625.000000
U_phi_000620.tif,65536,24.003525,1573095.000000
U_phi_000621.tif,65536,23.933487,1568505.000000
U_phi_000622.tif,65536,24.299240,1592475.000000
U_phi_000623.tif,65536,23.949051,1569525.000000
U_phi_000624.tif,65536,24.108582,1579980.000000
U_phi_000625.tif,65536,23.680573,1551930.000000
U_phi_000626.tif,65536,24.015198,1573860.000000
U_phi_000627.tif,65536,23.875122,1564680.000000
U_phi_000628.tif,65536,24.034653,1575135.000000
U_phi_000629.tif,65536,23.801193,1559835.000000
U_phi_000630.tif,65536,24.629974,1614150.000000
U_phi_000631.tif,65536,23.641663,1549380.000000
U_phi_000632.tif,65536,23.641663,1549380.000000
U_phi_000633.tif,65536,23.587189,1545810.000000
U_phi_000634.tif,65536,23.847885,1562895.000000
U_phi_000635.tif,65536,23.925705,1567995.000000
U_phi_000636.tif,65536,23.917923,1567485.000000
U_phi_000637.tif,65536,24.194183,1585590.000000
U_phi_000638.tif,65536,23.886795,1565445.000000
U_phi_000639.tif,65536,24.124146,1581000.000000
U_phi_000640.tif,65536,23.435440,1535865.000000
U_phi_000641.tif,65536,24.256439,1589670.000000
U_phi_000642.tif,65536,23.793411,1559325.000000
U_phi_000643.tif,65536,24.696121,1618485.000000
U_phi_000644.tif,65536,23.719482,1554480.000000
U_phi_000645.tif,65536,23.828430,1561620.000000
U_phi_000646.tif,65536,23.882904,1565190.000000
U_phi_000647.tif,65536,24.742813,1621545.000000
U_phi_000648.tif,65536,24.139709,1582020.000000
U_phi_000649.tif,65536,23.921814,1567740.000000
U_phi_000650.tif,65536,23.956833,1570035.000000
U_phi_000651.tif,65536,24.178619,1584570.000000
U_phi_000652.tif,65536,23.486023,1539180.000000
U_phi_000653.tif,65536,23.910141,1566975.000000
U_phi_000654.tif,65536,23.824539,1561365.000000
U_phi_000655.tif,65536,23.968506,1570800.000000
U_phi_000656.tif,65536,23.505478,1540455.000000
U_phi_000657.tif,65536,23.964615,1570545.000000
U_phi_000658.tif,65536,23.723373,1554735.000000
U_phi_000659.tif,65536,23.536606,1542495.000000
U_phi_000660.tif,65536,24.015198,1573860.000000
U_phi_000661.tif,65536,24.392624,1598595.000000
U_phi_000662.tif,65536,24.419861,1600380.000000
U_phi_000663.tif,65536,23.980179,1571565.000000
U_phi_000664.tif,65536,23.622208,1548105.000000
U_phi_000665.tif,65536,23.661118,1550655.000000
U_phi_000666.tif,65536,24.322586,1594005.000000
U_phi_000667.tif,65536,23.941269,1569015.000000
U_phi_000668.tif,65536,24.688339,1617975.000000
U_phi_000669.tif,65536,24.836197,1627665.000000
U_phi_000670.tif,65536,23.777847,1558305.000000
U_phi_000671.tif,65536,24.567719,1610070.000000
U_phi_000672.tif,65536,24.404297,1599360.000000
U_phi_000673.tif,65536,24.022980,1574370.000000
U_phi_000674.tif,65536,24.268112,1590435.000000
U_phi_000675.tif,65536,23.688354,1552440.000000
U_phi_000676.tif,65536,23.995743,1572585.000000
U_phi_000677.tif,65536,23.762283,1557285.000000
U_phi_000678.tif,65536,23.766174,1557540.000000
U_phi_000679.tif,65536,24.061890,1576920.000000
U_phi_000680.tif,65536,24.034653,1575135.000000
U_phi_000681.tif,65536,24.505463,1605990.000000
U_phi_000682.tif,65536,23.552170,1543515.000000
U_phi_000683.tif,65536,24.450989,1602420.000000
U_phi_000684.tif,65536,23.797302,1559580.000000
U_phi_000685.tif,65536,23.995743,1572585.000000
U_phi_000686.tif,65536,24.093018,1578960.000000
U_phi_000687.tif,65536,23.735046,1555500.000000
U_phi_000688.tif,65536,23.964615,1570545.000000
U_phi_000689.tif,65536,24.050217,1576155.000000
U_phi_000690.tif,65536,24.513245,1606500.000000
U_phi_000691.tif,65536,24.338150,1595025.000000
U_phi_000692.tif,65536,24.431534,1601145.000000
U_phi_000693.tif,65536,23.933487,1568505.000000
U_phi_000694.tif,65536,24.186401,1585080.000000
U_phi_000695.tif,65536,24.497681,1605480.000000
U_phi_000696.tif,65536,23.602753,1546830.000000
U_phi_000697.tif,65536,24.131927,1581510.000000
U_phi_000698.tif,65536,24.209747,1586610.000000
U_phi_000699.tif,65536,23.851776,1563150.000000
U_phi_000700.tif,65536,24.711685,1619505.000000
U_phi_000701.tif,65536,24.373169,1597320.000000
U_phi_000702.tif,65536,24.190292,1585335.000000
U_phi_000703.tif,65536,23.925705,1567995.000000
U_phi_000704.tif,65536,24.186401,1585080.000000
U_phi_000705.tif,65536,24.622192,1613640.000000
U_phi_000706.tif,65536,23.836212,1562130.000000
U_phi_000707.tif,65536,23.594971,1546320.000000
U_phi_000708.tif,65536,24.085236,1578450.000000
U_phi_000709.tif,65536,23.633881,1548870.000000
U_phi_000710.tif,65536,24.614410,1613130.000000
U_phi_000711.tif,65536,24.061890,1576920.000000
U_phi_000712.tif,65536,23.750610,1556520.000000
U_phi_000713.tif,65536,23.649445,1549890.000000
U_phi_000714.tif,65536,24.190292,1585335.000000
U_phi_000715.tif,65536,23.910141,1566975.000000
U_phi_000716.tif,65536,24.334259,1594770.000000
U_phi_000717.tif,65536,23.711700,1553970.000000
U_phi_000718.tif,65536,23.303146,1527195.000000
U_phi_000719.tif,65536,23.941269,1569015.000000
U_phi_000720.tif,65536,23.727264,1554990.000000
U_phi_000721.tif,65536,24.057999,1576665.000000
U_phi_000722.tif,65536,24.116364,1580490.000000
U_phi_000723.tif,65536,24.513245,1606500.000000
U_phi_000724.tif,65536,24.256439,1589670.000000
U_phi_000725.tif,65536,24.022980,1574370.000000
U_phi_000726.tif,65536,24.213638,1586865.000000
U_phi_000727.tif,65536,23.715591,1554225.000000
U_phi_000728.tif,65536,24.303131,1592730.000000
U_phi_000729.tif,65536,24.571609,1610325.000000
U_phi_000730.tif,65536,24.279785,1591200.000000
U_phi_000731.tif,65536,24.365387,1596810.000000
U_phi_000732.tif,65536,24.587173,1611345.000000
U_phi_000733.tif,65536,24.871216,1629960.000000
U_phi_000734.tif,65536,24.163055,1583550.000000
U_phi_000735.tif,65536,24.283676,1591455.000000
U_phi_000736.tif,65536,23.731155,1555245.000000
U_phi_000737.tif,65536,23.548279,1543260.000000
U_phi_000738.tif,65536,24.096909,1579215.000000
U_phi_000739.tif,65536,23.750610,1556520.000000
U_phi_000740.tif,65536,24.034653,1575135.000000
U_phi_000741.tif,65536,24.415970,1600125.000000
U_phi_000742.tif,65536,23.758392,1557030.000000
U_phi_000743.tif,65536,24.209747,1586610.000000
U_phi_000744.tif,65536,24.073563,1577685.000000
U_phi_000745.tif,65536,24.497681,1605480.000000
U_phi_000746.tif,65536,24.353714,1596045.000000
U_phi_000747.tif,65536,24.077454,1577940.000000
U_phi_000748.tif,65536,24.427643,1600890.000000
U_phi_000749.tif,65536,23.700027,1553205.000000
U_phi_000750.tif,65536,24.077454,1577940.000000
U_phi_000751.tif,65536,24.065781,1577175.000000
U_phi_000752.tif,65536,24.392624,1598595.000000
U_phi_000753.tif,65536,24.131927,1581510.000000
U_phi_000754.tif,65536,23.657227,1550400.000000
U_phi_000755.tif,65536,24.108582,1579980.000000
U_phi_000756.tif,65536,24.108582,1579980.000000
U_phi_000757.tif,65536,24.038544,1575390.000000
U_phi_000758.tif,65536,23.824539,1561365.000000
U_phi_000759.tif,65536,23.801193,1559835.000000
U_phi_000760.tif,65536,24.287567,1591710.000000
U_phi_000761.tif,65536,24.275894,1590945.000000
U_phi_000762.tif,65536,24.742813,1621545.000000
U_phi_000763.tif,65536,24.170837,1584060.000000
U_phi_000764.tif,65536,24.065781,1577175.000000
U_phi_000765.tif,65536,23.980179,1571565.000000
U_phi_000766.tif,65536,24.166946,1583805.000000
U_phi_000767.tif,65536,23.532715,1542240.000000
U_phi_000768.tif,65536,24.330368,1594515.000000
U_phi_000769.tif,65536,23.824539,1561365.000000
U_phi_000770.tif,65536,23.960724,1570290.000000
U_phi_000771.tif,65536,24.128036,1581255.000000
U_phi_000772.tif,65536,24.190292,1585335.000000
U_phi_000773.tif,65536,24.057999,1576665.000000
U_phi_000774.tif,65536,24.645538,1615170.000000
U_phi_000775.tif,65536,24.205856,1586355.000000
U_phi_000776.tif,65536,23.879013,1564935.000000
U_phi_000777.tif,65536,23.976288,1571310.000000
U_phi_000778.tif,65536,24.252548,1589415.000000
U_phi_000779.tif,65536,24.380951,1597830.000000
U_phi_000780.tif,65536,23.750610,1556520.000000
U_phi_000781.tif,65536,24.275894,1590945.000000
U_phi_000782.tif,65536,24.077454,1577940.000000
U_phi_000783.tif,65536,23.735046,1555500.000000
U_phi_000784.tif,65536,24.128036,1581255.000000
U_phi_000785.tif,65536,24.085236,1578450.000000
U_phi_000786.tif,65536,23.559952,1544025.000000
U_phi_000787.tif,65536,24.501572,1605735.000000
U_phi_000788.tif,65536,24.166946,1583805.000000
U_phi_000789.tif,65536,24.408188,1599615.000000
U_phi_000790.tif,65536,24.400406,1599105.000000
U_phi_000791.tif,65536,23.929596,1568250.000000
U_phi_000792.tif,65536,23.377075,1532040.000000
U_phi_000793.tif,65536,24.194183,1585590.000000
U_phi_000794.tif,65536,23.637772,1549125.000000
U_phi_000795.tif,65536,23.886795,1565445.000000
U_phi_000796.tif,65536,23.991852,1572330.000000
U_phi_000797.tif,65536,23.548279,1543260.000000
U_phi_000798.tif,65536,24.112473,1580235.000000
U_phi_000799.tif,65536,24.462662,1603185.000000
U_phi_000800.tif,65536,24.007416,1573350.000000
U_phi_000801.tif,65536,24.244766,1588905.000000
U_phi_000802.tif,65536,23.797302,1559580.000000
U_phi_000803.tif,65536,24.291458,1591965.000000
U_phi_000804.tif,65536,23.715591,1554225.000000
U_phi_000805.tif,65536,23.894577,1565955.000000
U_phi_000806.tif,65536,23.956833,1570035.000000
U_phi_000807.tif,65536,24.396515,1598850.000000
U_phi_000808.tif,65536,24.264221,1590180.000000
U_phi_000809.tif,65536,24.198074,1585845.000000
U_phi_000810.tif,65536,24.116364,1580490.000000
U_phi_000811.tif,65536,23.785629,1558815.000000
U_phi_000812.tif,65536,24.186401,1585080.000000
U_phi_000813.tif,65536,24.003525,1573095.000000
U_phi_000814.tif,65536,24.773941,1623585.000000
U_phi_000815.tif,65536,24.022980,1574370.000000
U_phi_000816.tif,65536,24.365387,1596810.000000
U_phi_000817.tif,65536,24.536591,1608030.000000
U_phi_000818.tif,65536,23.793411,1559325.000000
U_phi_000819.tif,65536,23.614426,1547595.000000
U_phi_000820.tif,65536,24.108582,1579980.000000
U_phi_000821.tif,65536,23.645554,1549635.000000
U_phi_000822.tif,65536,23.991852,1572330.000000
U_phi_000823.tif,65536,23.672791,1551420.000000
U_phi_000824.tif,65536,23.921814,1567740.000000
U_phi_000825.tif,65536,23.875122,1564680.000000
U_phi_000826.tif,65536,23.933487,1568505.000000
U_phi_000827.tif,65536,23.614426,1547595.000000
U_phi_000828.tif,65536,24.131927,1581510.000000
U_phi_000829.tif,65536,24.015198,1573860.000000
U_phi_000830.tif,65536,24.085236,1578450.000000
U_phi_000831.tif,65536,24.026871,1574625.000000
U_phi_000832.tif,65536,23.972397,1571055.000000
U_phi_000833.tif,65536,24.291458,1591965.000000
U_phi_000834.tif,65536,23.594971,1546320.000000
U_phi_000835.tif,65536,24.373169,1597320.000000
U_phi_000836.tif,65536,24.587173,1611345.000000
U_phi_000837.tif,65536,24.272003,1590690.000000
U_phi_000838.tif,65536,24.174728,1584315.000000
U_phi_000839.tif,65536,24.275894,1590945.000000
U_phi_000840.tif,65536,24.692230,1618230.000000
U_phi_000841.tif,65536,24.163055,1583550.000000
U_phi_000842.tif,65536,24.287567,1591710.000000
U_phi_000843.tif,65536,24.128036,1581255.000000
U_phi_000844.tif,65536,23.925705,1567995.000000
U_phi_000845.tif,65536,23.875122,1564680.000000
U_phi_000846.tif,65536,24.466553,1603440.000000
U_phi_000847.tif,65536,23.723373,1554735.000000
U_phi_000848.tif,65536,24.450989,1602420.000000
U_phi_000849.tif,65536,24.392624,1598595.000000
U_phi_000850.tif,65536,24.139709,1582020.000000
U_phi_000851.tif,65536,24.221420,1587375.000000
U_phi_000852.tif,65536,24.365387,1596810.000000
U_phi_000853.tif,65536,24.482117,1604460.000000
U_phi_000854.tif,65536,24.225311,1587630.000000
U_phi_000855.tif,65536,24.225311,1587630.000000
U_phi_000856.tif,65536,23.528824,1541985.000000
U_phi_000857.tif,65536,23.906250,1566720.000000
U_phi_000858.tif,65536,23.824539,1561365.000000
U_phi_000859.tif,65536,24.548264,1608795.000000
U_phi_000860.tif,65536,23.451004,1536885.000000
U_phi_000861.tif,65536,24.735031,1621035.000000
U_phi_000862.tif,65536,24.377060,1597575.000000
U_phi_000863.tif,65536,23.688354,1552440.000000
U_phi_000864.tif,65536,23.995743,1572585.000000
U_phi_000865.tif,65536,24.268112,1590435.000000
U_phi_000866.tif,65536,24.046326,1575900.000000
U_phi_000867.tif,65536,23.723373,1554735.000000
U_phi_000868.tif,65536,24.135818,1581765.000000
U_phi_000869.tif,65536,23.929596,1568250.000000
U_phi_000870.tif,65536,24.089127,1578705.000000
U_phi_000871.tif,65536,24.264221,1590180.000000
U_phi_000872.tif,65536,24.135818,1581765.000000
U_phi_000873.tif,65536,24.260330,1589925.000000
U_phi_000874.tif,65536,24.124146,1581000.000000
U_phi_000875.tif,65536,23.980179,1571565.000000
U_phi_000876.tif,65536,23.847885,1562895.000000
U_phi_000877.tif,65536,24.151382,1582785.000000
U_phi_000878.tif,65536,24.762268,1622820.000000
U_phi_000879.tif,65536,23.458786,1537395.000000
U_phi_000880.tif,65536,23.906250,1566720.000000
U_phi_000881.tif,65536,24.544373,1608540.000000
U_phi_000882.tif,65536,23.999634,1572840.000000
U_phi_000883.tif,65536,23.995743,1572585.000000
U_phi_000884.tif,65536,24.151382,1582785.000000
U_phi_000885.tif,65536,23.797302,1559580.000000
U_phi_000886.tif,65536,23.921814,1567740.000000
U_phi_000887.tif,65536,23.987961,1572075.000000
U_phi_000888.tif,65536,23.808975,1560345.000000
U_phi_000889.tif,65536,23.653336,1550145.000000
U_phi_000890.tif,65536,24.462662,1603185.000000
U_phi_000891.tif,65536,23.415985,1534590.000000
U_phi_000892.tif,65536,24.303131,1592730.000000
U_phi_000893.tif,65536,23.719482,1554480.000000
U_phi_000894.tif,65536,23.738937,1555755.000000
U_phi_000895.tif,65536,24.431534,1601145.000000
U_phi_000896.tif,65536,24.194183,1585590.000000
U_phi_000897.tif,65536,23.890686,1565700.000000
U_phi_000898.tif,65536,23.805084,1560090.000000
U_phi_000899.tif,65536,24.268112,1590435.000000
U_phi_000900.tif,65536,24.369278,1597065.000000
U_phi_000901.tif,65536,23.995743,1572585.000000
U_phi_000902.tif,65536,24.326477,1594260.000000
U_phi_000903.tif,65536,23.847885,1562895.000000
U_phi_000904.tif,65536,24.151382,1582785.000000
U_phi_000905.tif,65536,24.275894,1590945.000000
U_phi_000906.tif,65536,24.229202,1587885.000000
U_phi_000907.tif,65536,24.688339,1617975.000000
U_phi_000908.tif,65536,24.427643,1600890.000000
U_phi_000909.tif,65536,23.618317,1547850.000000
U_phi_000910.tif,65536,24.213638,1586865.000000
U_phi_000911.tif,65536,23.906250,1566720.000000
U_phi_000912.tif,65536,23.886795,1565445.000000
U_phi_000913.tif,65536,23.972397,1571055.000000
U_phi_000914.tif,65536,24.509354,1606245.000000
U_phi_000915.tif,65536,24.427643,1600890.000000
U_phi_000916.tif,65536,24.602737,1612365.000000
U_phi_000917.tif,65536,24.081345,1578195.000000
U_phi_000918.tif,65536,23.583298,1545555.000000
U_phi_000919.tif,65536,24.684448,1617720.000000
U_phi_000920.tif,65536,24.342041,1595280.000000
U_phi_000921.tif,65536,24.489899,1604970.000000
U_phi_000922.tif,65536,24.182510,1584825.000000
U_phi_000923.tif,65536,23.976288,1571310.000000
U_phi_000924.tif,65536,24.252548,1589415.000000
U_phi_000925.tif,65536,24.657211,1615935.000000
U_phi_000926.tif,65536,24.415970,1600125.000000
U_phi_000927.tif,65536,24.104691,1579725.000000
U_phi_000928.tif,65536,24.252548,1589415.000000
U_phi_000929.tif,65536,24.170837,1584060.000000
U_phi_000930.tif,65536,24.303131,1592730.000000
U_phi_000931.tif,65536,24.038544,1575390.000000
U_phi_000932.tif,65536,23.719482,1554480.000000
U_phi_000933.tif,65536,24.057999,1576665.000000
U_phi_000934.tif,65536,23.622208,1548105.000000
U_phi_000935.tif,65536,23.956833,1570035.000000
U_phi_000936.tif,65536,24.104691,1579725.000000
U_phi_000937.tif,65536,23.910141,1566975.000000
U_phi_000938.tif,65536,24.104691,1579725.000000
U_phi_000939.tif,65536,24.303131,1592730.000000
U_phi_000940.tif,65536,24.532700,1607775.000000
U_phi_000941.tif,65536,23.785629,1558815.000000
U_phi_000942.tif,65536,24.139709,1582020.000000
U_phi_000943.tif,65536,24.007416,1573350.000000
U_phi_000944.tif,65536,24.198074,1585845.000000
U_phi_000945.tif,65536,23.991852,1572330.000000
U_phi_000946.tif,65536,24.046326,1575900.000000
U_phi_000947.tif,65536,24.186401,1585080.000000
U_phi_000948.tif,65536,24.447098,1602165.000000
U_phi_000949.tif,65536,23.388748,1532805.000000
U_phi_000950.tif,65536,24.295349,1592220.000000
U_phi_000951.tif,65536,24.579391,1610835.000000
U_phi_000952.tif,65536,24.275894,1590945.000000
U_phi_000953.tif,65536,23.579407,1545300.000000
U_phi_000954.tif,65536,23.960724,1570290.000000
U_phi_000955.tif,65536,24.073563,1577685.000000
U_phi_000956.tif,65536,24.120255,1580745.000000
U_phi_000957.tif,65536,24.283676,1591455.000000
U_phi_000958.tif,65536,23.622208,1548105.000000
U_phi_000959.tif,65536,23.672791,1551420.000000
U_phi_000960.tif,65536,24.163055,1583550.000000
U_phi_000961.tif,65536,23.851776,1563150.000000
U_phi_000962.tif,65536,24.322586,1594005.000000
U_phi_000963.tif,65536,24.287567,1591710.000000
U_phi_000964.tif,65536,24.034653,1575135.000000
U_phi_000965.tif,65536,24.256439,1589670.000000
U_phi_000966.tif,65536,23.812866,1560600.000000
U_phi_000967.tif,65536,23.816757,1560855.000000
U_phi_000968.tif,65536,23.700027,1553205.000000
U_phi_000969.tif,65536,23.392639,1533060.000000
U_phi_000970.tif,65536,24.166946,1583805.000000
U_phi_000971.tif,65536,24.213638,1586865.000000
U_phi_000972.tif,65536,24.482117,1604460.000000
U_phi_000973.tif,65536,24.085236,1578450.000000
U_phi_000974.tif,65536,24.310913,1593240.000000
U_phi_000975.tif,65536,24.174728,1584315.000000
U_phi_000976.tif,65536,23.676682,1551675.000000
U_phi_000977.tif,65536,24.139709,1582020.000000
U_phi_000978.tif,65536,24.108582,1579980.000000
U_phi_000979.tif,65536,24.275894,1590945.000000
U_phi_000980.tif,65536,24.773941,1623585.000000
U_phi_000981.tif,65536,24.256439,1589670.000000
U_phi_000982.tif,65536,23.929596,1568250.000000
U_phi_000983.tif,65536,24.497681,1605480.000000
U_phi_000984.tif,65536,24.174728,1584315.000000
U_phi_000985.tif,65536,24.622192,1613640.000000
U_phi_000986.tif,65536,24.155273,1583040.000000
U_phi_000987.tif,65536,24.486008,1604715.000000
U_phi_000988.tif,65536,24.248657,1589160.000000
U_phi_000989.tif,65536,23.941269,1569015.000000
U_phi_000990.tif,65536,24.186401,1585080.000000
U_phi_000991.tif,65536,24.069672,1577430.000000
U_phi_000992.tif,65536,23.828430,1561620.000000
U_phi_000993.tif,65536,23.380966,1532295.000000
U_phi_000994.tif,65536,24.108582,1579980.000000
U_phi_000995.tif,65536,24.295349,1592220.000000
U_phi_000996.tif,65536,24.400406,1599105.000000
U_phi_000997.tif,65536,24.412079,1599870.000000
U_phi_000998.tif,65536,24.314804,1593495.000000
U_phi_000999.tif,65536,23.622208,1548105.000000
U_phi_001000.tif,65536,24.505463,1605990.000000
U_phi_001001.tif,65536,24.182510,1584825.000000
U_phi_001002.tif,65536,24.213638,1586865.000000
U_phi_001003.tif,65536,24.182510,1584825.000000
U_phi_001004.tif,65536,23.828430,1561620.000000
U_phi_001005.tif,65536,23.785629,1558815.000000
U_phi_001006.tif,65536,24.279785,1591200.000000
U_phi_001007.tif,65536,24.649429,1615425.000000
U_phi_001008.tif,65536,24.174728,1584315.000000
U_phi_001009.tif,65536,23.808975,1560345.000000
U_phi_001010.tif,65536,24.139709,1582020.000000
U_phi_001011.tif,65536,24.166946,1583805.000000
U_phi_001012.tif,65536,23.431549,1535610.000000
U_phi_001013.tif,65536,24.649429,1615425.000000
U_phi_001014.tif,65536,24.513245,1606500.000000
U_phi_001015.tif,65536,24.299240,1592475.000000
U_phi_001016.tif,65536,24.182510,1584825.000000
U_phi_001017.tif,65536,24.272003,1590690.000000
U_phi_001018.tif,65536,24.194183,1585590.000000
U_phi_001019.tif,65536,24.240875,1588650.000000
U_phi_001020.tif,65536,24.458771,1602930.000000
U_phi_001021.tif,65536,24.661102,1616190.000000
U_phi_001022.tif,65536,24.159164,1583295.000000
U_phi_001023.tif,65536,24.330368,1594515.000000
U_phi_001024.tif,65536,24.038544,1575390.000000
U_phi_001025.tif,65536,24.038544,1575390.000000
U_phi_001026.tif,65536,24.318695,1593750.000000
U_phi_001027.tif,65536,24.233093,1588140.000000
U_phi_001028.tif,65536,23.914032,1567230.000000
U_phi_001029.tif,65536,24.174728,1584315.000000
U_phi_001030.tif,65536,24.077454,1577940.000000
U_phi_001031.tif,65536,24.408188,1599615.000000
U_phi_001032.tif,65536,24.310913,1593240.000000
U_phi_001033.tif,65536,23.797302,1559580.000000
U_phi_001034.tif,65536,24.474335,1603950.000000
U_phi_001035.tif,65536,24.131927,1581510.000000
U_phi_001036.tif,65536,23.847885,1562895.000000
U_phi_001037.tif,65536,24.396515,1598850.000000
U_phi_001038.tif,65536,23.470459,1538160.000000
U_phi_001039.tif,65536,23.976288,1571310.000000
U_phi_001040.tif,65536,24.649429,1615425.000000
U_phi_001041.tif,65536,23.949051,1569525.000000
U_phi_001042.tif,65536,23.914032,1567230.000000
U_phi_001043.tif,65536,23.797302,1559580.000000
U_phi_001044.tif,65536,24.244766,1588905.000000
U_phi_001045.tif,65536,24.906235,1632255.000000
U_phi_001046.tif,65536,24.019089,1574115.000000
U_phi_001047.tif,65536,23.797302,1559580.000000
U_phi_001048.tif,65536,24.124146,1581000.000000
U_phi_001049.tif,65536,24.143600,1582275.000000
U_phi_001050.tif,65536,24.163055,1583550.000000
U_phi_001051.tif,65536,24.217529,1587120.000000
U_phi_001052.tif,65536,23.976288,1571310.000000
U_phi_001053.tif,65536,24.022980,1574370.000000
U_phi_001054.tif,65536,24.225311,1587630.000000
U_phi_001055.tif,65536,23.956833,1570035.000000
U_phi_001056.tif,65536,24.291458,1591965.000000
U_phi_001057.tif,65536,24.314804,1593495.000000
U_phi_001058.tif,65536,23.785629,1558815.000000
U_phi_001059.tif,65536,24.116364,1580490.000000
U_phi_001060.tif,65536,23.956833,1570035.000000
U_phi_001061.tif,65536,23.454895,1537140.000000
U_phi_001062.tif,65536,24.559937,1609560.000000
U_phi_001063.tif,65536,24.462662,1603185.000000
U_phi_001064.tif,65536,24.252548,1589415.000000
U_phi_001065.tif,65536,24.310913,1593240.000000
U_phi_001066.tif,65536,24.283676,1591455.000000
U_phi_001067.tif,65536,24.236984,1588395.000000
U_phi_001068.tif,65536,24.147491,1582530.000000
U_phi_001069.tif,65536,23.719482,1554480.000000
U_phi_001070.tif,65536,24.240875,1588650.000000
U_phi_001071.tif,65536,24.816742,1626390.000000
U_phi_001072.tif,65536,24.400406,1599105.000000
U_phi_001073.tif,65536,24.089127,1578705.000000
U_phi_001074.tif,65536,23.945160,1569270.000000
U_phi_001075.tif,65536,23.649445,1549890.000000
U_phi_001076.tif,65536,23.945160,1569270.000000
U_phi_001077.tif,65536,23.867340,1564170.000000
U_phi_001078.tif,65536,23.933487,1568505.000000
U_phi_001079.tif,65536,24.221420,1587375.000000
U_phi_001080.tif,65536,24.163055,1583550.000000
U_phi_001081.tif,65536,23.513260,1540965.000000
U_phi_001082.tif,65536,24.431534,1601145.000000
U_phi_001083.tif,65536,24.260330,1589925.000000
U_phi_001084.tif,65536,24.050217,1576155.000000
U_phi_001085.tif,65536,24.377060,1597575.000000
U_phi_001086.tif,65536,24.805069,1625625.000000
U_phi_001087.tif,65536,24.116364,1580490.000000
U_phi_001088.tif,65536,24.318695,1593750.000000
U_phi_001089.tif,65536,23.781738,1558560.000000
U_phi_001090.tif,65536,23.579407,1545300.000000
U_phi_001091.tif,65536,23.532715,1542240.000000
U_phi_001092.tif,65536,23.914032,1567230.000000
U_phi_001093.tif,65536,24.217529,1587120.000000
U_phi_001094.tif,65536,24.419861,1600380.000000
U_phi_001095.tif,65536,24.015198,1573860.000000
U_phi_001096.tif,65536,24.198074,1585845.000000
U_phi_001097.tif,65536,23.949051,1569525.000000
U_phi_001098.tif,65536,24.131927,1581510.000000
U_phi_001099.tif,65536,24.664993,1616445.000000
U_phi_001100.tif,65536,24.556046,1609305.000000
U_phi_001101.tif,65536,24.030762,1574880.000000
U_phi_001102.tif,65536,24.567719,1610070.000000
U_phi_001103.tif,65536,24.170837,1584060.000000
U_phi_001104.tif,65536,24.248657,1589160.000000
U_phi_001105.tif,65536,24.178619,1584570.000000
U_phi_001106.tif,65536,24.419861,1600380.000000
U_phi_001107.tif,65536,23.789520,1559070.000000
U_phi_001108.tif,65536,24.143600,1582275.000000
U_phi_001109.tif,65536,23.766174,1557540.000000
U_phi_001110.tif,65536,23.447113,1536630.000000
U_phi_001111.tif,65536,24.279785,1591200.000000
U_phi_001112.tif,65536,24.143600,1582275.000000
U_phi_001113.tif,65536,24.295349,1592220.000000
U_phi_001114.tif,65536,23.898468,1566210.000000
U_phi_001115.tif,65536,24.396515,1598850.000000
U_phi_001116.tif,65536,24.299240,1592475.000000
U_phi_001117.tif,65536,24.236984,1588395.000000
U_phi_001118.tif,65536,23.719482,1554480.000000
U_phi_001119.tif,65536,23.847885,1562895.000000
U_phi_001120.tif,65536,24.194183,1585590.000000
U_phi_001121.tif,65536,23.563843,1544280.000000
U_phi_001122.tif,65536,23.886795,1565445.000000
U_phi_001123.tif,65536,24.388733,1598340.000000
U_phi_001124.tif,65536,23.649445,1549890.000000
U_phi_001125.tif,65536,23.879013,1564935.000000
U_phi_001126.tif,65536,24.256439,1589670.000000
U_phi_001127.tif,65536,23.365402,1531275.000000
U_phi_001128.tif,65536,23.929596,1568250.000000
U_phi_001129.tif,65536,24.174728,1584315.000000
U_phi_001130.tif,65536,23.875122,1564680.000000
U_phi_001131.tif,65536,24.334259,1594770.000000
U_phi_001132.tif,65536,24.163055,1583550.000000
U_phi_001133.tif,65536,24.338150,1595025.000000
U_phi_001134.tif,65536,24.338150,1595025.000000
U_phi_001135.tif,65536,23.960724,1570290.000000
U_phi_001136.tif,65536,23.906250,1566720.000000
U_phi_001137.tif,65536,24.104691,1579725.000000
U_phi_001138.tif,65536,24.229202,1587885.000000
U_phi_001139.tif,65536,24.019089,1574115.000000
U_phi_001140.tif,65536,24.353714,1596045.000000
U_phi_001141.tif,65536,24.225311,1587630.000000
U_phi_001142.tif,65536,24.163055,1583550.000000
U_phi_001143.tif,65536,23.805084,1560090.000000
U_phi_001144.tif,65536,24.314804,1593495.000000
U_phi_001145.tif,65536,24.509354,1606245.000000
U_phi_001146.tif,65536,23.742828,1556010.000000
U_phi_001147.tif,65536,23.563843,1544280.000000
U_phi_001148.tif,65536,24.668884,1616700.000000
U_phi_001149.tif,65536,24.065781,1577175.000000
U_phi_001150.tif,65536,23.559952,1544025.000000
U_phi_001151.tif,65536,23.754501,1556775.000000
U_phi_001152.tif,65536,24.081345,1578195.000000
U_phi_001153.tif,65536,24.303131,1592730.000000
U_phi_001154.tif,65536,24.096909,1579215.000000
U_phi_001155.tif,65536,23.984070,1571820.000000
U_phi_001156.tif,65536,24.209747,1586610.000000
U_phi_001157.tif,65536,23.937378,1568760.000000
U_phi_001158.tif,65536,24.412079,1599870.000000
U_phi_001159.tif,65536,24.556046,1609305.000000
U_phi_001160.tif,65536,24.291458,1591965.000000
U_phi_001161.tif,65536,23.649445,1549890.000000
U_phi_001162.tif,65536,23.847885,1562895.000000
U_phi_001163.tif,65536,23.968506,1570800.000000
U_phi_001164.tif,65536,24.415970,1600125.000000
U_phi_001165.tif,65536,24.061890,1576920.000000
U_phi_001166.tif,65536,24.377060,1597575.000000
U_phi_001167.tif,65536,24.548264,1608795.000000
U_phi_001168.tif,65536,24.322586,1594005.000000
U_phi_001169.tif,65536,23.917923,1567485.000000
U_phi_001170.tif,65536,23.921814,1567740.000000
U_phi_001171.tif,65536,23.921814,1567740.000000
U_phi_001172.tif,65536,23.949051,1569525.000000
U_phi_001173.tif,65536,23.894577,1565955.000000
U_phi_001174.tif,65536,23.871231,1564425.000000
U_phi_001175.tif,65536,24.264221,1590180.000000
U_phi_001176.tif,65536,23.707809,1553715.000000
U_phi_001177.tif,65536,23.801193,1559835.000000
U_phi_001178.tif,65536,23.466568,1537905.000000
U_phi_001179.tif,65536,23.766174,1557540.000000
U_phi_001180.tif,65536,24.003525,1573095.000000
U_phi_001181.tif,65536,24.135818,1581765.000000
U_phi_001182.tif,65536,23.738937,1555755.000000
U_phi_001183.tif,65536,24.310913,1593240.000000
U_phi_001184.tif,65536,24.019089,1574115.000000
U_phi_001185.tif,65536,23.637772,1549125.000000
U_phi_001186.tif,65536,23.742828,1556010.000000
U_phi_001187.tif,65536,24.104691,1579725.000000
U_phi_001188.tif,65536,23.894577,1565955.000000
U_phi_001189.tif,65536,24.707794,1619250.000000
U_phi_001190.tif,65536,23.968506,1570800.000000
U_phi_001191.tif,65536,23.917923,1567485.000000
U_phi_001192.tif,65536,23.816757,1560855.000000
U_phi_001193.tif,65536,24.135818,1581765.000000
U_phi_001194.tif,65536,24.061890,1576920.000000
U_phi_001195.tif,65536,24.159164,1583295.000000
U_phi_001196.tif,65536,24.229202,1587885.000000
U_phi_001197.tif,65536,23.618317,1547850.000000
U_phi_001198.tif,65536,23.890686,1565700.000000
U_phi_001199.tif,65536,23.801193,1559835.000000
U_phi_001200.tif,65536,24.170837,1584060.000000
U_phi_001201.tif,65536,24.065781,1577175.000000
U_phi_001202.tif,65536,23.797302,1559580.000000
U_phi_001203.tif,65536,23.727264,1554990.000000
U_phi_001204.tif,65536,24.163055,1583550.000000
U_phi_001205.tif,65536,24.131927,1581510.000000
U_phi_001206.tif,65536,23.260345,1524390.000000
U_phi_001207.tif,65536,24.221420,1587375.000000
U_phi_001208.tif,65536,23.964615,1570545.000000
U_phi_001209.tif,65536,24.357605,1596300.000000
U_phi_001210.tif,65536,24.244766,1588905.000000
U_phi_001211.tif,65536,23.684464,1552185.000000
U_phi_001212.tif,65536,24.038544,1575390.000000
U_phi_001213.tif,65536,24.571609,1610325.000000
U_phi_001214.tif,65536,23.882904,1565190.000000
U_phi_001215.tif,65536,23.972397,1571055.000000
U_phi_001216.tif,65536,23.995743,1572585.000000
U_phi_001217.tif,65536,23.789520,1559070.000000
U_phi_001218.tif,65536,24.427643,1600890.000000
U_phi_001219.tif,65536,23.427658,1535355.000000
U_phi_001220.tif,65536,23.412094,1534335.000000
U_phi_001221.tif,65536,23.816757,1560855.000000
U_phi_001222.tif,65536,24.295349,1592220.000000
U_phi_001223.tif,65536,23.637772,1549125.000000
U_phi_001224.tif,65536,24.166946,1583805.000000
U_phi_001225.tif,65536,23.754501,1556775.000000
U_phi_001226.tif,65536,24.190292,1585335.000000
U_phi_001227.tif,65536,24.392624,1598595.000000
U_phi_001228.tif,65536,23.731155,1555245.000000
U_phi_001229.tif,65536,23.906250,1566720.000000
U_phi_001230.tif,65536,23.684464,1552185.000000
U_phi_001231.tif,65536,24.217529,1587120.000000
U_phi_001232.tif,65536,24.303131,1592730.000000
U_phi_001233.tif,65536,24.046326,1575900.000000
U_phi_001234.tif,65536,23.746719,1556265.000000
U_phi_001235.tif,65536,23.836212,1562130.000000
U_phi_001236.tif,65536,24.030762,1574880.000000
U_phi_001237.tif,65536,23.832321,1561875.000000
U_phi_001238.tif,65536,24.310913,1593240.000000
U_phi_001239.tif,65536,24.400406,1599105.000000
U_phi_001240.tif,65536,23.785629,1558815.000000
U_phi_001241.tif,65536,24.143600,1582275.000000
U_phi_001242.tif,65536,24.824524,1626900.000000
U_phi_001243.tif,65536,24.330368,1594515.000000
U_phi_001244.tif,65536,24.513245,1606500.000000
U_phi_001245.tif,65536,23.898468,1566210.000000
U_phi_001246.tif,65536,24.124146,1581000.000000
U_phi_001247.tif,65536,24.851761,1628685.000000
U_phi_001248.tif,65536,23.637772,1549125.000000
U_phi_001249.tif,65536,24.225311,1587630.000000
U_phi_001250.tif,65536,24.061890,1576920.000000
U_phi_001251.tif,65536,23.781738,1558560.000000
U_phi_001252.tif,65536,24.260330,1589925.000000
U_phi_001253.tif,65536,24.030762,1574880.000000
U_phi_001254.tif,65536,23.917923,1567485.000000
U_phi_001255.tif,65536,23.863449,1563915.000000
U_phi_001256.tif,65536,23.777847,1558305.000000
U_phi_001257.tif,65536,24.050217,1576155.000000
U_phi_001258.tif,65536,23.871231,1564425.000000
U_phi_001259.tif,65536,24.163055,1583550.000000
U_phi_001260.tif,65536,23.602753,1546830.000000
U_phi_001261.tif,65536,24.478226,1604205.000000
U_phi_001262.tif,65536,23.894577,1565955.000000
U_phi_001263.tif,65536,24.536591,1608030.000000
U_phi_001264.tif,65536,24.194183,1585590.000000
U_phi_001265.tif,65536,23.758392,1557030.000000
U_phi_001266.tif,65536,23.676682,1551675.000000
U_phi_001267.tif,65536,24.026871,1574625.000000
U_phi_001268.tif,65536,24.170837,1584060.000000
U_phi_001269.tif,65536,23.910141,1566975.000000
U_phi_001270.tif,65536,23.696136,1552950.000000
U_phi_001271.tif,65536,23.668900,1551165.000000
U_phi_001272.tif,65536,23.910141,1566975.000000
U_phi_001273.tif,65536,23.801193,1559835.000000
U_phi_001274.tif,65536,24.283676,1591455.000000
U_phi_001275.tif,65536,23.972397,1571055.000000
U_phi_001276.tif,65536,24.575500,1610580.000000
U_phi_001277.tif,65536,24.213638,1586865.000000
U_phi_001278.tif,65536,24.447098,1602165.000000
U_phi_001279.tif,65536,23.797302,1559580.000000
U_phi_001280.tif,65536,23.824539,1561365.000000
U_phi_001281.tif,65536,24.077454,1577940.000000
U_phi_001282.tif,65536,23.758392,1557030.000000
U_phi_001283.tif,65536,24.108582,1579980.000000
U_phi_001284.tif,65536,23.910141,1566975.000000
U_phi_001285.tif,65536,23.521042,1541475.000000
U_phi_001286.tif,65536,24.159164,1583295.000000
U_phi_001287.tif,65536,24.408188,1599615.000000
U_phi_001288.tif,65536,23.556061,1543770.000000
U_phi_001289.tif,65536,23.910141,1566975.000000
U_phi_001290.tif,65536,23.828430,1561620.000000
U_phi_001291.tif,65536,23.805084,1560090.000000
U_phi_001292.tif,65536,24.272003,1590690.000000
U_phi_001293.tif,65536,24.314804,1593495.000000
U_phi_001294.tif,65536,24.201965,1586100.000000
U_phi_001295.tif,65536,23.871231,1564425.000000
U_phi_001296.tif,65536,24.439316,1601655.000000
U_phi_001297.tif,65536,24.384842,1598085.000000
U_phi_001298.tif,65536,24.431534,1601145.000000
U_phi_001299.tif,65536,23.594971,1546320.000000
U_phi_001300.tif,65536,23.684464,1552185.000000
U_phi_001301.tif,65536,24.536591,1608030.000000
U_phi_001302.tif,65536,23.917923,1567485.000000
U_phi_001303.tif,65536,24.361496,1596555.000000
U_phi_001304.tif,65536,23.310928,1527705.000000
U_phi_001305.tif,65536,24.217529,1587120.000000
U_phi_001306.tif,65536,23.890686,1565700.000000
U_phi_001307.tif,65536,23.766174,1557540.000000
U_phi_001308.tif,65536,24.361496,1596555.000000
U_phi_001309.tif,65536,24.707794,1619250.000000
U_phi_001310.tif,65536,24.015198,1573860.000000
U_phi_001311.tif,65536,23.910141,1566975.000000
U_phi_001312.tif,65536,24.501572,1605735.000000
U_phi_001313.tif,65536,23.766174,1557540.000000
U_phi_001314.tif,65536,23.637772,1549125.000000
U_phi_001315.tif,65536,24.194183,1585590.000000
U_phi_001316.tif,65536,24.443207,1601910.000000
U_phi_001317.tif,65536,24.252548,1589415.000000
U_phi_001318.tif,65536,24.081345,1578195.000000
U_phi_001319.tif,65536,24.135818,1581765.000000
U_phi_001320.tif,65536,24.030762,1574880.000000
U_phi_001321.tif,65536,23.750610,1556520.000000
U_phi_001322.tif,65536,23.665009,1550910.000000
U_phi_001323.tif,65536,24.034653,1575135.000000
U_phi_001324.tif,65536,24.054108,1576410.000000
U_phi_001325.tif,65536,24.093018,1578960.000000
U_phi_001326.tif,65536,24.143600,1582275.000000
U_phi_001327.tif,65536,23.968506,1570800.000000
U_phi_001328.tif,65536,24.190292,1585335.000000
U_phi_001329.tif,65536,24.170837,1584060.000000
U_phi_001330.tif,65536,24.182510,1584825.000000
U_phi_001331.tif,65536,24.190292,1585335.000000
U_phi_001332.tif,65536,24.450989,1602420.000000
U_phi_001333.tif,65536,24.166946,1583805.000000
U_phi_001334.tif,65536,24.272003,1590690.000000
U_phi_001335.tif,65536,23.338165,1529490.000000
U_phi_001336.tif,65536,24.474335,1603950.000000
U_phi_001337.tif,65536,23.968506,1570800.000000
U_phi_001338.tif,65536,24.061890,1576920.000000
U_phi_001339.tif,65536,24.303131,1592730.000000
U_phi_001340.tif,65536,24.295349,1592220.000000
U_phi_001341.tif,65536,24.268112,1590435.000000
U_phi_001342.tif,65536,23.703918,1553460.000000
U_phi_001343.tif,65536,24.093018,1578960.000000
U_phi_001344.tif,65536,23.987961,1572075.000000
U_phi_001345.tif,65536,23.902359,1566465.000000
U_phi_001346.tif,65536,24.015198,1573860.000000
U_phi_001347.tif,65536,24.139709,1582020.000000
U_phi_001348.tif,65536,23.773956,1558050.000000
U_phi_001349.tif,65536,24.252548,1589415.000000
U_phi_001350.tif,65536,23.890686,1565700.000000
U_phi_001351.tif,65536,24.871216,1629960.000000
U_phi_001352.tif,65536,23.816757,1560855.000000
U_phi_001353.tif,65536,24.427643,1600890.000000
U_phi_001354.tif,65536,23.941269,1569015.000000
U_phi_001355.tif,65536,23.808975,1560345.000000
U_phi_001356.tif,65536,24.353714,1596045.000000
U_phi_001357.tif,65536,24.217529,1587120.000000
U_phi_001358.tif,65536,23.851776,1563150.000000
U_phi_001359.tif,65536,23.797302,1559580.000000
U_phi_001360.tif,65536,23.629990,1548615.000000
U_phi_001361.tif,65536,24.450989,1602420.000000
U_phi_001362.tif,65536,23.618317,1547850.000000
U_phi_001363.tif,65536,24.065781,1577175.000000
U_phi_001364.tif,65536,24.190292,1585335.000000
U_phi_001365.tif,65536,23.754501,1556775.000000
U_phi_001366.tif,65536,24.252548,1589415.000000
U_phi_001367.tif,65536,23.801193,1559835.000000
U_phi_001368.tif,65536,23.808975,1560345.000000
U_phi_001369.tif,65536,23.886795,1565445.000000
U_phi_001370.tif,65536,24.054108,1576410.000000
U_phi_001371.tif,65536,24.361496,1596555.000000
U_phi_001372.tif,65536,24.450989,1602420.000000
U_phi_001373.tif,65536,24.501572,1605735.000000
U_phi_001374.tif,65536,23.731155,1555245.000000
U_phi_001375.tif,65536,23.886795,1565445.000000
U_phi_001376.tif,65536,23.937378,1568760.000000
U_phi_001377.tif,65536,24.474335,1603950.000000
U_phi_001378.tif,65536,23.770065,1557795.000000
U_phi_001379.tif,65536,24.026871,1574625.000000
U_phi_001380.tif,65536,24.174728,1584315.000000
U_phi_001381.tif,65536,23.851776,1563150.000000
U_phi_001382.tif,65536,23.738937,1555755.000000
U_phi_001383.tif,65536,23.521042,1541475.000000
U_phi_001384.tif,65536,24.867325,1629705.000000
U_phi_001385.tif,65536,23.762283,1557285.000000
U_phi_001386.tif,65536,24.131927,1581510.000000
U_phi_001387.tif,65536,23.439331,1536120.000000
U_phi_001388.tif,65536,23.412094,1534335.000000
U_phi_001389.tif,65536,23.723373,1554735.000000
U_phi_001390.tif,65536,24.225311,1587630.000000
U_phi_001391.tif,65536,24.322586,1594005.000000
U_phi_001392.tif,65536,24.186401,1585080.000000
U_phi_001393.tif,65536,23.914032,1567230.000000
U_phi_001394.tif,65536,24.345932,1595535.000000
U_phi_001395.tif,65536,24.089127,1578705.000000
U_phi_001396.tif,65536,24.225311,1587630.000000
U_phi_001397.tif,65536,23.618317,1547850.000000
U_phi_001398.tif,65536,23.952942,1569780.000000
U_phi_001399.tif,65536,24.166946,1583805.000000
U_phi_001400.tif,65536,24.057999,1576665.000000
U_phi_001401.tif,65536,23.291473,1526430.000000
U_phi_001402.tif,65536,23.785629,1558815.000000
U_phi_001403.tif,65536,23.805084,1560090.000000
U_phi_001404.tif,65536,23.793411,1559325.000000
U_phi_001405.tif,65536,23.949051,1569525.000000
U_phi_001406.tif,65536,23.828430,1561620.000000
U_phi_001407.tif,65536,23.781738,1558560.000000
U_phi_001408.tif,65536,24.003525,1573095.000000
U_phi_001409.tif,65536,24.213638,1586865.000000
U_phi_001410.tif,65536,23.742828,1556010.000000
U_phi_001411.tif,65536,24.170837,1584060.000000
U_phi_001412.tif,65536,24.645538,1615170.000000
U_phi_001413.tif,65536,24.061890,1576920.000000
U_phi_001414.tif,65536,23.626099,1548360.000000
U_phi_001415.tif,65536,24.260330,1589925.000000
U_phi_001416.tif,65536,23.680573,1551930.000000
U_phi_001417.tif,65536,23.684464,1552185.000000
U_phi_001418.tif,65536,23.591080,1546065.000000
U_phi_001419.tif,65536,23.731155,1555245.000000
U_phi_001420.tif,65536,23.260345,1524390.000000
U_phi_001421.tif,65536,23.653336,1550145.000000
U_phi_001422.tif,65536,23.995743,1572585.000000
U_phi_001423.tif,65536,23.925705,1567995.000000
U_phi_001424.tif,65536,24.019089,1574115.000000
U_phi_001425.tif,65536,24.131927,1581510.000000
U_phi_001426.tif,65536,23.738937,1555755.000000
U_phi_001427.tif,65536,23.657227,1550400.000000
U_phi_001428.tif,65536,24.322586,1594005.000000
U_phi_001429.tif,65536,24.151382,1582785.000000
U_phi_001430.tif,65536,23.649445,1549890.000000
U_phi_001431.tif,65536,24.404297,1599360.000000
U_phi_001432.tif,65536,24.275894,1590945.000000
U_phi_001433.tif,65536,23.929596,1568250.000000
U_phi_001434.tif,65536,24.295349,1592220.000000
U_phi_001435.tif,65536,23.482132,1538925.000000
U_phi_001436.tif,65536,24.489899,1604970.000000
U_phi_001437.tif,65536,24.073563,1577685.000000
U_phi_001438.tif,65536,24.295349,1592220.000000
U_phi_001439.tif,65536,23.886795,1565445.000000
